{"cameraMode":{"drawMode":0,"name":"Shaded","section":"Shading Mode"},"sceneLighting":false,"audioPlay":false,"sceneViewState":{"showFog":true,"showMaterialUpdate":false,"showSkybox":false,"showFlares":true,"showImageEffects":true,"showParticleSystems":true},"in2DMode":false,"pivot":{"x":-3.323737859725952,"y":2.009042978286743,"z":5.4476752281188969},"rotation":{"x":-0.20584888756275178,"y":0.2765771448612213,"z":-0.06077708303928375,"w":-0.9367475509643555},"size":19.11589241027832,"orthographic":false}