{"cameraMode":{"drawMode":0,"name":"Shaded","section":"Shading Mode"},"sceneLighting":false,"audioPlay":false,"sceneViewState":{"showFog":true,"showMaterialUpdate":false,"showSkybox":false,"showFlares":true,"showImageEffects":true,"showParticleSystems":true},"in2DMode":false,"pivot":{"x":-0.8808594346046448,"y":1.1698695421218873,"z":-0.32814931869506838},"rotation":{"x":0.18072807788848878,"y":0.33960863947868349,"z":-0.0666363313794136,"w":0.9207611083984375},"size":1.0615216493606568,"orthographic":false}