{"cameraMode":{"drawMode":0,"name":"Shaded","section":"Shading Mode"},"sceneLighting":false,"audioPlay":false,"sceneViewState":{"showFog":true,"showMaterialUpdate":false,"showSkybox":false,"showFlares":true,"showImageEffects":true,"showParticleSystems":true},"in2DMode":false,"pivot":{"x":-0.12889714539051057,"y":-1.7060868740081788,"z":2.012652635574341},"rotation":{"x":-0.36241915822029116,"y":0.13958562910556794,"z":-0.05500692129135132,"w":-0.9198852181434631},"size":6.564340114593506,"orthographic":false}