{"cameraMode":{"drawMode":0,"name":"Shaded","section":"Shading Mode"},"sceneLighting":false,"audioPlay":false,"sceneViewState":{"showFog":true,"showMaterialUpdate":false,"showSkybox":false,"showFlares":true,"showImageEffects":true,"showParticleSystems":true},"in2DMode":false,"pivot":{"x":4.702681064605713,"y":-1.3175898790359498,"z":25.940298080444337},"rotation":{"x":-0.027039295062422754,"y":-0.14286625385284425,"z":0.0038191170897334816,"w":-0.9894081950187683},"size":21.389047622680665,"orthographic":false}