{"cameraMode":{"drawMode":0,"name":"Shaded","section":"Shading Mode"},"sceneLighting":false,"audioPlay":false,"sceneViewState":{"showFog":true,"showMaterialUpdate":false,"showSkybox":false,"showFlares":true,"showImageEffects":true,"showParticleSystems":true},"in2DMode":false,"pivot":{"x":0.11818400770425797,"y":1.4725208282470704,"z":-1.1370803117752076},"rotation":{"x":0.20690661668777467,"y":-0.38186371326446535,"z":0.08813558518886566,"w":0.896570086479187},"size":0.8526595234870911,"orthographic":false}