{"cameraMode":{"drawMode":0,"name":"Shaded","section":"Shading Mode"},"sceneLighting":false,"audioPlay":false,"sceneViewState":{"showFog":true,"showMaterialUpdate":false,"showSkybox":false,"showFlares":true,"showImageEffects":true,"showParticleSystems":true},"in2DMode":false,"pivot":{"x":0.009655488654971123,"y":0.21534618735313416,"z":-0.9647170901298523},"rotation":{"x":0.07693912088871002,"y":0.4395560622215271,"z":-0.037780437618494037,"w":0.894250214099884},"size":0.30684828758239748,"orthographic":false}