{"cameraMode":{"drawMode":0,"name":"Shaded","section":"Shading Mode"},"sceneLighting":false,"audioPlay":false,"sceneViewState":{"showFog":true,"showMaterialUpdate":false,"showSkybox":false,"showFlares":true,"showImageEffects":true,"showParticleSystems":true},"in2DMode":false,"pivot":{"x":0.11082035303115845,"y":3.34431529045105,"z":-0.7620587944984436},"rotation":{"x":-0.5485370755195618,"y":0.2722625434398651,"z":-0.19490152597427369,"w":-0.7662283778190613},"size":1.0731804370880128,"orthographic":false}