{"cameraMode":{"drawMode":0,"name":"Shaded","section":"Shading Mode"},"sceneLighting":true,"audioPlay":false,"sceneViewState":{"showFog":true,"showMaterialUpdate":false,"showSkybox":true,"showFlares":true,"showImageEffects":true,"showParticleSystems":true},"in2DMode":false,"pivot":{"x":3.642976760864258,"y":-10.996908187866211,"z":128.4855499267578},"rotation":{"x":0.04480898752808571,"y":-0.02419763244688511,"z":-0.0005593368550762534,"w":1.000272512435913},"size":86.68817138671875,"orthographic":false}