{"cameraMode":{"drawMode":0,"name":"Shaded","section":"Shading Mode"},"sceneLighting":false,"audioPlay":false,"sceneViewState":{"showFog":true,"showMaterialUpdate":false,"showSkybox":false,"showFlares":true,"showImageEffects":true,"showParticleSystems":true},"in2DMode":false,"pivot":{"x":-17.669818878173829,"y":0.4225850999355316,"z":62.6342887878418},"rotation":{"x":0.17452535033226014,"y":0.416826069355011,"z":-0.08156212419271469,"w":0.8885800838470459},"size":2.897465944290161,"orthographic":false}