{"cameraMode":{"drawMode":0,"name":"Shaded","section":"Shading Mode"},"sceneLighting":false,"audioPlay":false,"sceneViewState":{"showFog":true,"showMaterialUpdate":false,"showSkybox":false,"showFlares":true,"showImageEffects":true,"showParticleSystems":true},"in2DMode":false,"pivot":{"x":-5.840435028076172,"y":-12.242013931274414,"z":10.072328567504883},"rotation":{"x":-0.5010195374488831,"y":-0.07548204064369202,"z":0.04496714845299721,"w":-0.8627085089683533},"size":16.00015640258789,"orthographic":false}