{"cameraMode":{"drawMode":0,"name":"Shaded","section":"Shading Mode"},"sceneLighting":true,"audioPlay":false,"sceneViewState":{"showFog":true,"showMaterialUpdate":false,"showSkybox":true,"showFlares":true,"showImageEffects":true,"showParticleSystems":true},"in2DMode":false,"pivot":{"x":-1.5699645280838013,"y":0.8242249488830566,"z":181.31922912597657},"rotation":{"x":0.01175121869891882,"y":-0.003123362548649311,"z":-0.0013873960124328733,"w":1.001495599746704},"size":103.16792297363281,"orthographic":false}