{"cameraMode":{"drawMode":0,"name":"Shaded","section":"Shading Mode"},"sceneLighting":false,"audioPlay":false,"sceneViewState":{"showFog":true,"showMaterialUpdate":false,"showSkybox":false,"showFlares":true,"showImageEffects":true,"showParticleSystems":true},"in2DMode":false,"pivot":{"x":1.0206444263458253,"y":2.2860727310180666,"z":0.15047992765903474},"rotation":{"x":0.059870921075344089,"y":-0.7347102761268616,"z":0.6726285815238953,"w":0.06542360782623291},"size":0.8186737298965454,"orthographic":false}