{"cameraMode":{"drawMode":0,"name":"Shaded","section":"Shading Mode"},"sceneLighting":false,"audioPlay":false,"sceneViewState":{"showFog":true,"showMaterialUpdate":false,"showSkybox":false,"showFlares":true,"showImageEffects":true,"showParticleSystems":true},"in2DMode":false,"pivot":{"x":-18.81170654296875,"y":1.8517355918884278,"z":7.550683975219727},"rotation":{"x":0.2877032160758972,"y":0.6774792671203613,"z":-0.3323456048965454,"w":0.5908166170120239},"size":2.700561046600342,"orthographic":false}