{"cameraMode":{"drawMode":0,"name":"Shaded","section":"Shading Mode"},"sceneLighting":false,"audioPlay":false,"sceneViewState":{"showFog":true,"showMaterialUpdate":false,"showSkybox":false,"showFlares":true,"showImageEffects":true,"showParticleSystems":true},"in2DMode":false,"pivot":{"x":-0.3502548933029175,"y":0.9514069557189941,"z":39.610328674316409},"rotation":{"x":0.26025357842445376,"y":0.7295206189155579,"z":-0.3704669177532196,"w":0.5127694606781006},"size":1.5828551054000855,"orthographic":false}