{"cameraMode":{"drawMode":0,"name":"Shaded","section":"Shading Mode"},"sceneLighting":false,"audioPlay":false,"sceneViewState":{"showFog":true,"showMaterialUpdate":false,"showSkybox":false,"showFlares":true,"showImageEffects":true,"showParticleSystems":true},"in2DMode":false,"pivot":{"x":-22.20599937438965,"y":5.668188571929932,"z":-15.834465980529786},"rotation":{"x":0.14868345856666566,"y":-0.7913958430290222,"z":0.21438075602054597,"w":0.5543820261955261},"size":1.0703890323638917,"orthographic":false}