{"cameraMode":{"drawMode":0,"name":"Shaded","section":"Shading Mode"},"sceneLighting":false,"audioPlay":false,"sceneViewState":{"showFog":true,"showMaterialUpdate":false,"showSkybox":false,"showFlares":true,"showImageEffects":true,"showParticleSystems":true},"in2DMode":false,"pivot":{"x":-8.431583404541016,"y":2.089486598968506,"z":1.6636252403259278},"rotation":{"x":-0.2726197838783264,"y":-0.0017244440969079733,"z":0.00032423206721432507,"w":-0.9635254144668579},"size":2.618283271789551,"orthographic":false}