{"cameraMode":{"drawMode":0,"name":"Shaded","section":"Shading Mode"},"sceneLighting":false,"audioPlay":false,"sceneViewState":{"showFog":true,"showMaterialUpdate":false,"showSkybox":false,"showFlares":true,"showImageEffects":true,"showParticleSystems":true},"in2DMode":false,"pivot":{"x":2.2165136337280275,"y":16.936601638793947,"z":16.253517150878908},"rotation":{"x":0.292508989572525,"y":-0.6388172507286072,"z":0.3018188178539276,"w":0.6460584998130798},"size":26.95912742614746,"orthographic":false}