{"cameraMode":{"drawMode":0,"name":"Shaded","section":"Shading Mode"},"sceneLighting":false,"audioPlay":false,"sceneViewState":{"showFog":true,"showMaterialUpdate":false,"showSkybox":false,"showFlares":true,"showImageEffects":true,"showParticleSystems":true},"in2DMode":false,"pivot":{"x":-32.47381591796875,"y":-0.790496826171875,"z":84.9537124633789},"rotation":{"x":0.264203280210495,"y":-0.5547454357147217,"z":0.19735759496688844,"w":0.7651042342185974},"size":21.389047622680665,"orthographic":false}