{"cameraMode":{"drawMode":0,"name":"Shaded","section":"Shading Mode"},"sceneLighting":false,"audioPlay":false,"sceneViewState":{"showFog":true,"showMaterialUpdate":false,"showSkybox":false,"showFlares":true,"showImageEffects":true,"showParticleSystems":true},"in2DMode":false,"pivot":{"x":0.7452049255371094,"y":-0.0689234733581543,"z":0.00009608268737792969},"rotation":{"x":0.24989768862724305,"y":0.26516565680503847,"z":-0.07129715383052826,"w":0.9288109540939331},"size":2.84069561958313,"orthographic":false}