{"cameraMode":{"drawMode":0,"name":"Shaded","section":"Shading Mode"},"sceneLighting":false,"audioPlay":false,"sceneViewState":{"showFog":true,"showMaterialUpdate":false,"showSkybox":false,"showFlares":true,"showImageEffects":true,"showParticleSystems":true},"in2DMode":false,"pivot":{"x":10.508432388305664,"y":11.177513122558594,"z":13.28400993347168},"rotation":{"x":0.33004307746887209,"y":-0.6420729756355286,"z":0.3793785274028778,"w":0.580535888671875},"size":26.959115982055665,"orthographic":false}