{"cameraMode":{"drawMode":0,"name":"Shaded","section":"Shading Mode"},"sceneLighting":false,"audioPlay":false,"sceneViewState":{"showFog":true,"showMaterialUpdate":false,"showSkybox":false,"showFlares":true,"showImageEffects":true,"showParticleSystems":true},"in2DMode":false,"pivot":{"x":-4.318361282348633,"y":0.7636842727661133,"z":21.539020538330079},"rotation":{"x":-0.022099744528532029,"y":0.9779316782951355,"z":-0.14810921251773835,"w":-0.14599855244159699},"size":10.0,"orthographic":false}