{"cameraMode":{"drawMode":0,"name":"Shaded","section":"Shading Mode"},"sceneLighting":false,"audioPlay":false,"sceneViewState":{"showFog":true,"showMaterialUpdate":false,"showSkybox":false,"showFlares":true,"showImageEffects":true,"showParticleSystems":true},"in2DMode":false,"pivot":{"x":2.940000534057617,"y":20.699024200439454,"z":15.199687957763672},"rotation":{"x":0.292508989572525,"y":-0.6388172507286072,"z":0.3018188178539276,"w":0.6460584998130798},"size":30.13640594482422,"orthographic":false}