{"cameraMode":{"drawMode":0,"name":"Shaded","section":"Shading Mode"},"sceneLighting":false,"audioPlay":false,"sceneViewState":{"showFog":true,"showMaterialUpdate":false,"showSkybox":false,"showFlares":true,"showImageEffects":true,"showParticleSystems":true},"in2DMode":false,"pivot":{"x":-9.852112770080567,"y":-1.3326044082641602,"z":0.7833147644996643},"rotation":{"x":-0.12616991996765138,"y":0.8696814179420471,"z":-0.3214377164840698,"w":-0.35529622435569765},"size":3.492067575454712,"orthographic":false}