{"cameraMode":{"drawMode":0,"name":"Shaded","section":"Shading Mode"},"sceneLighting":false,"audioPlay":false,"sceneViewState":{"showFog":true,"showMaterialUpdate":false,"showSkybox":false,"showFlares":true,"showImageEffects":true,"showParticleSystems":true},"in2DMode":false,"pivot":{"x":8.606513977050782,"y":1.367334008216858,"z":2.53753399848938},"rotation":{"x":0.3062763810157776,"y":0.5197075009346008,"z":-0.2065376490354538,"w":0.7705478072166443},"size":10.771501541137696,"orthographic":false}