{"cameraMode":{"drawMode":0,"name":"Shaded","section":"Shading Mode"},"sceneLighting":false,"audioPlay":false,"sceneViewState":{"showFog":true,"showMaterialUpdate":false,"showSkybox":false,"showFlares":true,"showImageEffects":true,"showParticleSystems":true},"in2DMode":false,"pivot":{"x":-2.6185271739959719,"y":-0.6340991854667664,"z":0.9450992941856384},"rotation":{"x":0.1906031221151352,"y":-0.58451247215271,"z":0.14919538795948029,"w":0.7756258845329285},"size":3.492065906524658,"orthographic":false}