{"cameraMode":{"drawMode":0,"name":"Shaded","section":"Shading Mode"},"sceneLighting":false,"audioPlay":false,"sceneViewState":{"showFog":true,"showMaterialUpdate":false,"showSkybox":false,"showFlares":true,"showImageEffects":true,"showParticleSystems":true},"in2DMode":false,"pivot":{"x":-0.8454071283340454,"y":-2.449394941329956,"z":2.4862756729125978},"rotation":{"x":0.3566696047782898,"y":-0.18898306787014008,"z":0.07233111560344696,"w":0.9125261902809143},"size":3.518533706665039,"orthographic":false}