{"cameraMode":{"drawMode":0,"name":"Shaded","section":"Shading Mode"},"sceneLighting":false,"audioPlay":false,"sceneViewState":{"showFog":true,"showMaterialUpdate":false,"showSkybox":false,"showFlares":true,"showImageEffects":true,"showParticleSystems":true},"in2DMode":false,"pivot":{"x":-4.369361400604248,"y":-15.028763771057129,"z":10.709867477416993},"rotation":{"x":0.11781560629606247,"y":0.06645254045724869,"z":-0.00728948600590229,"w":0.9916449189186096},"size":36.06253433227539,"orthographic":false}