{"cameraMode":{"drawMode":0,"name":"Shaded","section":"Shading Mode"},"sceneLighting":false,"audioPlay":false,"sceneViewState":{"showFog":true,"showMaterialUpdate":false,"showSkybox":false,"showFlares":true,"showImageEffects":true,"showParticleSystems":true},"in2DMode":false,"pivot":{"x":-56.16749954223633,"y":2.669145107269287,"z":32.374778747558597},"rotation":{"x":-0.3427545130252838,"y":0.3725043833255768,"z":-0.15133392810821534,"w":-0.8500012159347534},"size":40.05622482299805,"orthographic":false}