{"cameraMode":{"drawMode":0,"name":"Shaded","section":"Shading Mode"},"sceneLighting":false,"audioPlay":false,"sceneViewState":{"showFog":true,"showMaterialUpdate":false,"showSkybox":false,"showFlares":true,"showImageEffects":true,"showParticleSystems":true},"in2DMode":false,"pivot":{"x":1.0035964250564576,"y":1.0838449001312256,"z":0.5510848760604858},"rotation":{"x":0.20115076005458833,"y":-0.4525466859340668,"z":0.10395742207765579,"w":0.8629642128944397},"size":1.0660322904586793,"orthographic":false}