{"cameraMode":{"drawMode":0,"name":"Shaded","section":"Shading Mode"},"sceneLighting":false,"audioPlay":false,"sceneViewState":{"showFog":true,"showMaterialUpdate":false,"showSkybox":false,"showFlares":true,"showImageEffects":true,"showParticleSystems":true},"in2DMode":false,"pivot":{"x":-81.90457153320313,"y":-17.931154251098634,"z":-106.1914291381836},"rotation":{"x":-0.02693880908191204,"y":0.968052864074707,"z":-0.12257299572229386,"w":-0.22100825607776643},"size":39.687313079833987,"orthographic":false}