{"cameraMode":{"drawMode":0,"name":"Shaded","section":"Shading Mode"},"sceneLighting":false,"audioPlay":false,"sceneViewState":{"showFog":true,"showMaterialUpdate":false,"showSkybox":false,"showFlares":true,"showImageEffects":true,"showParticleSystems":true},"in2DMode":false,"pivot":{"x":0.4375290870666504,"y":4.133571147918701,"z":0.48883792757987978},"rotation":{"x":-0.17155201733112336,"y":-0.5304574370384216,"z":0.11052118241786957,"w":-0.824429988861084},"size":1.1180344820022584,"orthographic":false}