{"cameraMode":{"drawMode":0,"name":"Shaded","section":"Shading Mode"},"sceneLighting":false,"audioPlay":false,"sceneViewState":{"showFog":true,"showMaterialUpdate":false,"showSkybox":false,"showFlares":true,"showImageEffects":true,"showParticleSystems":true},"in2DMode":false,"pivot":{"x":-1.1759999990463257,"y":2.0394997596740724,"z":-5.325490951538086},"rotation":{"x":0.19086608290672303,"y":0.04308726638555527,"z":-0.0026172702200710775,"w":0.9819524884223938},"size":2.210005760192871,"orthographic":false}