{"cameraMode":{"drawMode":0,"name":"Shaded","section":"Shading Mode"},"sceneLighting":true,"audioPlay":false,"sceneViewState":{"showFog":true,"showMaterialUpdate":false,"showSkybox":true,"showFlares":true,"showImageEffects":true,"showParticleSystems":true},"in2DMode":false,"pivot":{"x":-0.2117196023464203,"y":0.505501389503479,"z":65.4012680053711},"rotation":{"x":0.21370738744735719,"y":0.6324034333229065,"z":-0.18755339086055757,"w":0.7205910682678223},"size":4.47648286819458,"orthographic":false}