{"cameraMode":{"drawMode":0,"name":"Shaded","section":"Shading Mode"},"sceneLighting":true,"audioPlay":false,"sceneViewState":{"showFog":true,"showMaterialUpdate":false,"showSkybox":true,"showFlares":true,"showImageEffects":true,"showParticleSystems":true},"in2DMode":false,"pivot":{"x":6.674813270568848,"y":16.686843872070314,"z":10.694621086120606},"rotation":{"x":-0.24764598906040193,"y":0.6614865064620972,"z":-0.24701283872127534,"w":-0.6634913086891174},"size":2.940295696258545,"orthographic":false}